idxes,boston_mu,boston_std
MAQR_MACE_Loss,0.21309486031532288,0.0
MAQR_AGCE_Loss,0.5,0.0
MAQR_CheckScore,1.7922389507293701,0.0
MAQR_sharpness_90,2.6244313716888428,0.0
MAQR_coverage_90,0.19230769574642181,0.0
